filename,duration_s,difficulty,transcript
yo_001.m4a,14.89,1,pues mira te voy a contar cómo es mi día a día porque la verdad es que desde que cambié algunas cosas en mi rutina me siento bastante mejor antes me costaba un montón levantarme por las mañanas o sea sonaba el despertador y yo seguía tumbado sin hacer nada
yo_002.m4a,15.23,1,ahora intento levantarme más o menos a las siete y media que sé que para mucha gente eso es tardísimo pero para mí ya es un avance lo primero que hago antes incluso de mirar el móvil es beberme un vaso de agua parece una tontería pero marca la diferencia
yo_003.m4a,14.19,1,luego bajo a prepararme el desayuno no soy muy de desayunos elaborados la verdad normalmente me hago unas tostadas con aceite y tomate o a veces unos huevos revueltos si tengo más tiempo y café claro que sin café no hay manera de empezar el día
yo_004.m4a,13.53,1,lo del café es un tema serio en mi casa mi madre siempre dice que tomo demasiado que me va a poner nervioso pero yo le digo que con uno o dos cafés al día tampoco es para tanto aunque la verdad es que a veces me tomo tres y no se lo digo
yo_005.m4a,14.36,1,una cosa que he empezado a hacer este año es salir a caminar un rato antes de ponerme a trabajar o estudiar no mucho veinte minutos media hora como mucho pero esos veinte minutos te despejan la cabeza de una forma increíble lo recomiendo a todo el mundo
yo_006.m4a,15.68,1,el barrio donde vivo tiene un parque bastante chulo con árboles grandes y un estanque pequeño donde hay patos y a esa hora de la mañana hay poca gente solo algunos señores mayores dando su paseo y algún que otro corredor es muy tranquilo la verdad
yo_007.m4a,14.02,1,cuando vuelvo a casa ya me siento más despejado y con ganas de hacer cosas me siento en el escritorio abro el ordenador y empiezo a organizar lo que tengo que hacer ese día siempre hago una lista porque si no la hago se me olvida la mitad de las cosas
yo_008.m4a,14.7,1,las listas son algo que me ha cambiado la vida en serio antes iba al supermercado sin lista y siempre olvidaba algo importante llegaba a casa y me daba cuenta de que me había olvidado la leche o el papel de cocina ahora lo apunto todo y funciona mucho mejor
yo_009.m4a,15.91,1,sobre el mediodía suelo hacer una pausa larga para comer en españa eso es bastante normal la comida del mediodía es la más importante del día en mi casa solemos comer juntos cuando podemos y eso mola porque es un momento para charlar y desconectar un poco
yo_010.m4a,16.15,1,mi madre cocina muy bien eso hay que reconocerlo hace un arroz con pollo que está de muerte el secreto según ella es el pimentón ahumado y dejar que el arroz absorba bien el caldo yo lo he intentado hacer solo y nunca me sale igual no sé qué hago mal
yo_011.m4a,15.77,1,por las tardes es cuando más me cuesta concentrarme eso del bajón de después de comer es real no es un mito hay gente que echa la siesta y luego rinde muchísimo más yo lo he intentado pero me cuesta dormirme con luz de día así que prefiero tomar otro café y seguir
yo_012.m4a,16.0,1,cuando termino de trabajar o de estudiar sobre las seis o las siete suelo quedar con amigos o hacer algo de deporte no soy muy de gimnasio la verdad pero sí me gusta jugar al fútbol con los amigos los martes y los jueves llevo ya tres años en ese equipo de barrio
yo_013.m4a,15.59,1,hablando de otra cosa quería decir algo sobre los móviles y las redes sociales porque creo que tengo una relación bastante complicada con todo eso o sea los uso todos los días no voy a mentir pero hay momentos en los que pienso que sería mejor desconectar más
yo_014.m4a,15.83,1,lo que más me engancha son los vídeos cortos esos que duran quince o treinta segundos empiezas a ver uno y de repente han pasado cuarenta minutos y no sabes ni cómo es una locura el algoritmo está diseñado para que no puedas parar y la verdad es que funciona demasiado bien
yo_015.m4a,13.97,1,he intentado ponerme límites de tiempo en las aplicaciones y el móvil me avisa cuando llevo mucho rato pero claro cuando te avisa le das a ignorar y sigues así que el aviso no sirve de mucho si no tienes la fuerza de voluntad para hacerle caso
yo_016.m4a,16.06,1,sin embargo también creo que las redes tienen cosas muy positivas por ejemplo he aprendido un montón de cosas viendo vídeos de gente que explica temas de historia ciencia o cocina hay creadores de contenido que son increíblemente buenos explicando cosas complicadas de manera sencilla
yo_017.m4a,15.53,1,también me parece útil para estar en contacto con gente que vive lejos tengo un amigo que se fue a vivir a berlín hace dos años y gracias a los grupos de whatsapp y a las videollamadas parece que no hubiera tanta distancia antes eso era mucho más difícil
yo_018.m4a,17.64,1,lo que sí me molesta bastante es la cantidad de información falsa que circula la gente comparte cosas sin verificar si son verdad y luego eso se extiende como la pólvora mi tío es un experto en enviar audios de whatsapp con noticias falsas le hemos dicho mil veces que compruebe antes de reenviar
yo_019.m4a,15.85,1,el tema de la privacidad también me preocupa aunque reconozco que no hago gran cosa al respecto acepto los términos y condiciones sin leerlos como todo el mundo sé que esas aplicaciones recopilan un montón de datos sobre mí pero claro la comodidad puede más que la preocupación
yo_020.m4a,17.0,1,una cosa que me parece fascinante es cómo ha cambiado la forma de comunicarse en los últimos diez o quince años mis padres se escribían cartas cuando eran jóvenes cartas de papel con sello y todo ahora mismo mandar una carta física parece algo casi exótico
yo_021.m4a,15.89,1,también ha cambiado mucho el lenguaje usamos abreviaturas emojis memes para expresar cosas que antes necesitaban una frase entera no sé si eso empobrece el idioma o simplemente lo adapta supongo que cada generación transforma el lenguaje a su manera y siempre ha sido así
yo_022.m4a,14.53,1,tengo amigos que dicen que se quieren bajar de todas las redes sociales y llevan años diciéndolo sin hacerlo yo entiendo la idea pero tampoco lo veo realista para la mayoría de la gente hoy en día para bien o para mal estar en las redes es casi una necesidad social
yo_023.m4a,13.91,1,bueno cambiando de tema quería hablar de los libros porque últimamente he retomado el hábito de leer y la verdad es que me alegro mucho hubo una época en que leía bastante luego lo dejé casi por completo y ahora estoy intentando volver a meterme en ello
yo_024.m4a,17.28,1,el mes pasado fui de viaje con unos amigos a portugal concretamente a oporto y fue una experiencia genial hacía tiempo que teníamos ganas de hacer ese viaje y al final cuadramos las fechas y nos fuimos cuatro días éramos cinco en total yo carlos marta luis y ana
yo_025.m4a,16.58,1,fuimos en coche que desde donde vivimos son unas cuatro horas aproximadamente salimos el viernes por la mañana temprano para aprovechar el día carlos se empeñó en conducir él todo el camino de ida que es muy suyo eso no le gusta que nadie más conduzca cuando sale con él
yo_026.m4a,16.49,1,oporto me pareció una ciudad preciosa de verdad tiene una mezcla muy interesante de cosas antiguas y modernas los edificios con azulejos de colores los tranvías el río duero con los barcos es fotogénico hasta decir basta cada esquina parece una postal
yo_027.m4a,15.66,1,lo primero que hicimos al llegar fue buscar el apartamento que habíamos alquilado estaba en el centro histórico en un edificio antiguo con las escaleras un poco inclinadas y las paredes llenas de azulejos era pequeño pero tenía mucho encanto y la ubicación era perfecta
yo_028.m4a,16.02,1,esa primera tarde la usamos para explorar el barrio a pie sin ningún plan en concreto que eso es lo mejor de viajar en mi opinión perderte un poco sin destino fijo entrar en las calles más pequeñas descubrir una plaza que no estaba en ninguna guía eso no tiene precio
yo_029.m4a,16.15,1,por la noche fuimos a cenar a un restaurante que nos recomendó la dueña del apartamento comimos bacalao de tres formas distintas porque en portugal el bacalao es casi una religión dicen que tienen más de trescientas recetas diferentes con bacalao no sé si es verdad pero me lo creo
yo_030.m4a,18.65,1,el sábado hicimos una excursión a la bodega sandeman que está al otro lado del río en vila nova de gaia allí te explican cómo se hace el vino de oporto la diferencia entre los distintos tipos cómo envejece en las barricas y al final hay una cata que es la parte que más nos gustó
yo_031.m4a,15.53,1,marta no bebe alcohol así que ella estuvo tomando notas en su cuaderno y haciendo fotos de todo siempre lleva un cuaderno cuando viaja y lo llena de dibujos notas entradas de museos y esas cosas dice que es su forma de recordar los viajes y la verdad es que tiene mucha razón
yo_032.m4a,17.96,1,el domingo por la mañana madrugamos para ver el mercado de bolhão que es un mercado cubierto histórico que acaban de renovar había frutas verduras flores pescado fresco especias el olor cuando entras es increíble compramos unas pastas de nata para desayunar allí mismo
yo_033.m4a,15.77,1,las pastas de nata son uno de los grandes inventos de la humanidad lo digo en serio son esos pastelitos de hojaldre con crema que se comen templados con un poco de canela por encima solos ya están buenísimos pero con un café cortado son la combinación perfecta
yo_034.m4a,16.53,1,la última tarde ya antes de volver subimos a la torre dos clérigos para ver la ciudad desde arriba son muchos escalones bastante empinados y estrechos pero merece la pena completamente desde arriba se ve toda la ciudad el río los tejados es una vista espectacular
yo_035.m4a,16.28,1,el viaje de vuelta fue más tranquilo porque todos íbamos cansados pero contentos pusimos música hablamos del viaje de lo que más nos había gustado de lo que haríamos diferente la próxima vez ese momento en el coche de vuelta tiene algo especial como cuando asimilas todo lo vivido
yo_036.m4a,15.38,1,pensando en ese viaje me doy cuenta de que tengo que viajar más es algo que siempre digo pero que luego se me pasa cuando la rutina me absorbe creo que merece la pena hacer el esfuerzo de organizar esas escapadas aunque sea de vez en cuando aunque sea cerca
yo_037.m4a,15.64,1,no hace falta ir muy lejos para desconectar eso también lo he aprendido a veces con pasar un fin de semana en un pueblo tranquilo sin mucho plan ya te recargas las pilas el problema es que en el día a día cuesta mucho parar y decir esta semana lo hago
yo_038.m4a,16.19,1,otro tema que me ronda la cabeza últimamente es el de los idiomas llevo años queriendo aprender portugués en serio y después del viaje a oporto todavía más entendía bastante pero me costaba responder con fluidez tengo que buscar algún método que me funcione y ser constante
yo_039.m4a,15.53,1,con el inglés me pasó lo mismo estuve muchos años estudiándolo en clase sin aprender de verdad y lo que me cambió fue ver series y películas en versión original con subtítulos en inglés al cabo de unos meses empecé a entender mucho más y a hablar con menos miedo
yo_040.m4a,17.24,1,el miedo a equivocarse es el mayor obstáculo cuando aprendes un idioma creo yo mucha gente sabe gramática perfectamente pero no habla porque le da vergüenza cometer errores y la única forma de mejorar es hablar equivocarte corregirte y volver a intentarlo no hay otra
yo_041.m4a,16.68,1,hablando de aprender cosas este año me he apuntado a un taller de fotografía y estoy aprendiendo un montón antes hacía fotos de manera intuitiva sin saber nada de encuadre de luz de composición ahora me fijo en cosas que antes ni veía y disfruto mucho más del proceso
yo_042.m4a,15.98,1,lo que más me ha sorprendido del taller es que no hace falta tener una cámara carísima para hacer buenas fotos el profesor dice que la mejor cámara es la que tienes encima que puede ser perfectamente el móvil si sabes usarlo bien la técnica y la mirada importan más que el equipo
yo_043.m4a,15.25,1,en el taller somos diez personas de edades muy distintas hay una señora de sesenta y pico años que lleva toda la vida queriendo aprender fotografía y por fin se ha animado tiene una energía increíble y unas ganas de aprender que dan gusto a mí me parece muy inspirador
yo_044.m4a,15.62,1,una cosa que me he propuesto para los próximos meses es intentar reducir el estrés sé que todo el mundo lo dice pero yo creo que me lo tomo demasiado en serio todo pequeñas cosas que salen mal me afectan más de lo que deberían tengo que aprender a relativizar más
yo_045.m4a,15.19,1,un amigo mío lleva un año meditando por las mañanas solo diez minutos al día y dice que le ha cambiado bastante la forma de reaccionar ante las cosas yo lo he intentado un par de veces pero me distraigo enseguida quizás debería darle otra oportunidad con más paciencia
yo_046.m4a,17.37,1,también quiero leer más este año ya lo dije antes pero especialmente quiero leer más cosas que estén fuera de mi zona de confort novela histórica ensayo poesía cosas que normalmente no elegiría creo que eso ensancha la perspectiva y hace que te enfrentes a las cosas de otra manera
yo_047.m4a,14.38,1,el último libro que leí me lo recomendó mi hermana era una novela de una autora colombiana que no conocía de nada y resultó ser de las mejores que he leído en mucho tiempo eso es lo bueno de las recomendaciones de personas que te conocen bien suelen acertar
yo_048.m4a,14.85,1,bueno creo que ya he hablado bastante por hoy la verdad es que cuando empiezo a hablar de estas cosas me cuesta parar se me ocurren mil cosas que decir espero que haya sido interesante o por lo menos entretenido cada uno tiene sus temas y sus manías no
yo_049.m4a,15.53,1,si tuviera que quedarme con una idea de todo lo que he contado hoy creo que sería esta vale la pena prestar atención a las cosas pequeñas las mañanas tranquilas un buen desayuno una conversación con un amigo un viaje bien aprovechado eso es lo que luego recuerdas
yo_050.m4a,14.27,1,no sé a veces nos obsesionamos con los grandes objetivos y nos olvidamos de disfrutar el camino yo intento acordarme de eso aunque no siempre lo consigo pero bueno eso es lo bonito también no que siempre hay algo en lo que mejorar hasta la próxima
pedro_001.mp4,21.69,1,pues mira te voy a contar cómo es mi día a día porque la verdad es que desde que cambié algunas cosas en mi rutina me siento bastante mejor antes me costaba un montón levantarme por las mañanas o sea sonaba el despertador y yo seguía tumbado sin hacer nada
pedro_002.mp4,21.87,1,ahora intento levantarme más o menos a las siete y media que sé que para mucha gente eso es tardísimo pero para mí ya es un avance lo primero que hago antes incluso de mirar el móvil es beberme un vaso de agua parece una tontería pero marca la diferencia
pedro_003.mp4,21.44,1,luego bajo a prepararme el desayuno no soy muy de desayunos elaborados la verdad normalmente me hago unas tostadas con aceite y tomate o a veces unos huevos revueltos si tengo más tiempo y café claro que sin café no hay manera de empezar el día
pedro_004.mp4,21.01,1,lo del café es un tema serio en mi casa mi madre siempre dice que tomo demasiado que me va a poner nervioso pero yo le digo que con uno o dos cafés al día tampoco es para tanto aunque la verdad es que a veces me tomo tres y no se lo digo
pedro_005.mp4,21.1,1,una cosa que he empezado a hacer este año es salir a caminar un rato antes de ponerme a trabajar o estudiar no mucho veinte minutos media hora como mucho pero esos veinte minutos te despejan la cabeza de una forma increíble lo recomiendo a todo el mundo
pedro_006.mp4,19.73,1,el barrio donde vivo tiene un parque bastante chulo con árboles grandes y un estanque pequeño donde hay patos y a esa hora de la mañana hay poca gente solo algunos señores mayores dando su paseo y algún que otro corredor es muy tranquilo la verdad
pedro_007.mp4,19.48,1,cuando vuelvo a casa ya me siento más despejado y con ganas de hacer cosas me siento en el escritorio abro el ordenador y empiezo a organizar lo que tengo que hacer ese día siempre hago una lista porque si no la hago se me olvida la mitad de las cosas
pedro_008.mp4,22.04,1,las listas son algo que me ha cambiado la vida en serio antes iba al supermercado sin lista y siempre olvidaba algo importante llegaba a casa y me daba cuenta de que me había olvidado la leche o el papel de cocina ahora lo apunto todo y funciona mucho mejor
pedro_009.mp4,20.5,1,sobre el mediodía suelo hacer una pausa larga para comer en españa eso es bastante normal la comida del mediodía es la más importante del día en mi casa solemos comer juntos cuando podemos y eso mola porque es un momento para charlar y desconectar un poco
pedro_010.mp4,23.91,1,mi madre cocina muy bien eso hay que reconocerlo hace un arroz con pollo que está de muerte el secreto según ella es el pimentón ahumado y dejar que el arroz absorba bien el caldo yo lo he intentado hacer solo y nunca me sale igual no sé qué hago mal
pedro_011.mp4,22.97,1,por las tardes es cuando más me cuesta concentrarme eso del bajón de después de comer es real no es un mito hay gente que echa la siesta y luego rinde muchísimo más yo lo he intentado pero me cuesta dormirme con luz de día así que prefiero tomar otro café y seguir
pedro_012.mp4,21.01,1,cuando termino de trabajar o de estudiar sobre las seis o las siete suelo quedar con amigos o hacer algo de deporte no soy muy de gimnasio la verdad pero sí me gusta jugar al fútbol con los amigos los martes y los jueves llevo ya tres años en ese equipo de barrio
pedro_013.mp4,21.18,1,hablando de otra cosa quería decir algo sobre los móviles y las redes sociales porque creo que tengo una relación bastante complicada con todo eso o sea los uso todos los días no voy a mentir pero hay momentos en los que pienso que sería mejor desconectar más
pedro_014.mp4,23.4,1,lo que más me engancha son los vídeos cortos esos que duran quince o treinta segundos empiezas a ver uno y de repente han pasado cuarenta minutos y no sabes ni cómo es una locura el algoritmo está diseñado para que no puedas parar y la verdad es que funciona demasiado bien
pedro_015.mp4,19.99,1,he intentado ponerme límites de tiempo en las aplicaciones y el móvil me avisa cuando llevo mucho rato pero claro cuando te avisa le das a ignorar y sigues así que el aviso no sirve de mucho si no tienes la fuerza de voluntad para hacerle caso
pedro_016.mp4,22.04,1,sin embargo también creo que las redes tienen cosas muy positivas por ejemplo he aprendido un montón de cosas viendo vídeos de gente que explica temas de historia ciencia o cocina hay creadores de contenido que son increíblemente buenos explicando cosas complicadas de manera sencilla
pedro_017.mp4,19.39,1,también me parece útil para estar en contacto con gente que vive lejos tengo un amigo que se fue a vivir a berlín hace dos años y gracias a los grupos de whatsapp y a las videollamadas parece que no hubiera tanta distancia antes eso era mucho más difícil
pedro_018.mp4,24.85,1,lo que sí me molesta bastante es la cantidad de información falsa que circula la gente comparte cosas sin verificar si son verdad y luego eso se extiende como la pólvora mi tío es un experto en enviar audios de whatsapp con noticias falsas le hemos dicho mil veces que compruebe antes de reenviar
pedro_019.mp4,20.84,1,el tema de la privacidad también me preocupa aunque reconozco que no hago gran cosa al respecto acepto los términos y condiciones sin leerlos como todo el mundo sé que esas aplicaciones recopilan un montón de datos sobre mí pero claro la comodidad puede más que la preocupación
pedro_020.mp4,19.9,1,una cosa que me parece fascinante es cómo ha cambiado la forma de comunicarse en los últimos diez o quince años mis padres se escribían cartas cuando eran jóvenes cartas de papel con sello y todo ahora mismo mandar una carta física parece algo casi exótico
pedro_021.mp4,22.97,1,también ha cambiado mucho el lenguaje usamos abreviaturas emojis memes para expresar cosas que antes necesitaban una frase entera no sé si eso empobrece el idioma o simplemente lo adapta supongo que cada generación transforma el lenguaje a su manera y siempre ha sido así
pedro_022.mp4,21.35,1,tengo amigos que dicen que se quieren bajar de todas las redes sociales y llevan años diciéndolo sin hacerlo yo entiendo la idea pero tampoco lo veo realista para la mayoría de la gente hoy en día para bien o para mal estar en las redes es casi una necesidad social
pedro_023.mp4,19.39,1,bueno cambiando de tema quería hablar de los libros porque últimamente he retomado el hábito de leer y la verdad es que me alegro mucho hubo una época en que leía bastante luego lo dejé casi por completo y ahora estoy intentando volver a meterme en ello
pedro_024.mp4,24.34,1,el mes pasado fui de viaje con unos amigos a portugal concretamente a oporto y fue una experiencia genial hacía tiempo que teníamos ganas de hacer ese viaje y al final cuadramos las fechas y nos fuimos cuatro días éramos cinco en total yo carlos marta luis y ana
pedro_025.mp4,22.89,1,fuimos en coche que desde donde vivimos son unas cuatro horas aproximadamente salimos el viernes por la mañana temprano para aprovechar el día carlos se empeñó en conducir él todo el camino de ida que es muy suyo eso no le gusta que nadie más conduzca cuando sale con él
pedro_026.mp4,23.32,1,oporto me pareció una ciudad preciosa de verdad tiene una mezcla muy interesante de cosas antiguas y modernas los edificios con azulejos de colores los tranvías el río duero con los barcos es fotogénico hasta decir basta cada esquina parece una postal
pedro_027.mp4,21.27,1,lo primero que hicimos al llegar fue buscar el apartamento que habíamos alquilado estaba en el centro histórico en un edificio antiguo con las escaleras un poco inclinadas y las paredes llenas de azulejos era pequeño pero tenía mucho encanto y la ubicación era perfecta
pedro_028.mp4,21.44,1,esa primera tarde la usamos para explorar el barrio a pie sin ningún plan en concreto que eso es lo mejor de viajar en mi opinión perderte un poco sin destino fijo entrar en las calles más pequeñas descubrir una plaza que no estaba en ninguna guía eso no tiene precio
pedro_029.mp4,22.8,1,por la noche fuimos a cenar a un restaurante que nos recomendó la dueña del apartamento comimos bacalao de tres formas distintas porque en portugal el bacalao es casi una religión dicen que tienen más de trescientas recetas diferentes con bacalao no sé si es verdad pero me lo creo
pedro_030.mp4,23.06,1,el sábado hicimos una excursión a la bodega sandeman que está al otro lado del río en vila nova de gaia allí te explican cómo se hace el vino de oporto la diferencia entre los distintos tipos cómo envejece en las barricas y al final hay una cata que es la parte que más nos gustó
pedro_031.mp4,21.18,1,marta no bebe alcohol así que ella estuvo tomando notas en su cuaderno y haciendo fotos de todo siempre lleva un cuaderno cuando viaja y lo llena de dibujos notas entradas de museos y esas cosas dice que es su forma de recordar los viajes y la verdad es que tiene mucha razón
pedro_032.mp4,23.06,1,el domingo por la mañana madrugamos para ver el mercado de bolhão que es un mercado cubierto histórico que acaban de renovar había frutas verduras flores pescado fresco especias el olor cuando entras es increíble compramos unas pastas de nata para desayunar allí mismo
pedro_033.mp4,19.82,1,las pastas de nata son uno de los grandes inventos de la humanidad lo digo en serio son esos pastelitos de hojaldre con crema que se comen templados con un poco de canela por encima solos ya están buenísimos pero con un café cortado son la combinación perfecta
pedro_034.mp4,23.66,1,la última tarde ya antes de volver subimos a la torre dos clérigos para ver la ciudad desde arriba son muchos escalones bastante empinados y estrechos pero merece la pena completamente desde arriba se ve toda la ciudad el río los tejados es una vista espectacular
pedro_035.mp4,22.38,1,el viaje de vuelta fue más tranquilo porque todos íbamos cansados pero contentos pusimos música hablamos del viaje de lo que más nos había gustado de lo que haríamos diferente la próxima vez ese momento en el coche de vuelta tiene algo especial como cuando asimilas todo lo vivido
pedro_036.mp4,19.05,1,pensando en ese viaje me doy cuenta de que tengo que viajar más es algo que siempre digo pero que luego se me pasa cuando la rutina me absorbe creo que merece la pena hacer el esfuerzo de organizar esas escapadas aunque sea de vez en cuando aunque sea cerca
pedro_037.mp4,20.33,1,no hace falta ir muy lejos para desconectar eso también lo he aprendido a veces con pasar un fin de semana en un pueblo tranquilo sin mucho plan ya te recargas las pilas el problema es que en el día a día cuesta mucho parar y decir esta semana lo hago
pedro_038.mp4,20.84,1,otro tema que me ronda la cabeza últimamente es el de los idiomas llevo años queriendo aprender portugués en serio y después del viaje a oporto todavía más entendía bastante pero me costaba responder con fluidez tengo que buscar algún método que me funcione y ser constante
pedro_039.mp4,19.82,1,con el inglés me pasó lo mismo estuve muchos años estudiándolo en clase sin aprender de verdad y lo que me cambió fue ver series y películas en versión original con subtítulos en inglés al cabo de unos meses empecé a entender mucho más y a hablar con menos miedo
pedro_040.mp4,19.39,1,el miedo a equivocarse es el mayor obstáculo cuando aprendes un idioma creo yo mucha gente sabe gramática perfectamente pero no habla porque le da vergüenza cometer errores y la única forma de mejorar es hablar equivocarte corregirte y volver a intentarlo no hay otra
pedro_041.mp4,22.04,1,hablando de aprender cosas este año me he apuntado a un taller de fotografía y estoy aprendiendo un montón antes hacía fotos de manera intuitiva sin saber nada de encuadre de luz de composición ahora me fijo en cosas que antes ni veía y disfruto mucho más del proceso
pedro_042.mp4,21.1,1,lo que más me ha sorprendido del taller es que no hace falta tener una cámara carísima para hacer buenas fotos el profesor dice que la mejor cámara es la que tienes encima que puede ser perfectamente el móvil si sabes usarlo bien la técnica y la mirada importan más que el equipo
pedro_043.mp4,20.16,1,en el taller somos diez personas de edades muy distintas hay una señora de sesenta y pico años que lleva toda la vida queriendo aprender fotografía y por fin se ha animado tiene una energía increíble y unas ganas de aprender que dan gusto a mí me parece muy inspirador
pedro_044.mp4,18.96,1,una cosa que me he propuesto para los próximos meses es intentar reducir el estrés sé que todo el mundo lo dice pero yo creo que me lo tomo demasiado en serio todo pequeñas cosas que salen mal me afectan más de lo que deberían tengo que aprender a relativizar más
pedro_045.mp4,20.24,1,un amigo mío lleva un año meditando por las mañanas solo diez minutos al día y dice que le ha cambiado bastante la forma de reaccionar ante las cosas yo lo he intentado un par de veces pero me distraigo enseguida quizás debería darle otra oportunidad con más paciencia
pedro_046.mp4,23.4,1,también quiero leer más este año ya lo dije antes pero especialmente quiero leer más cosas que estén fuera de mi zona de confort novela histórica ensayo poesía cosas que normalmente no elegiría creo que eso ensancha la perspectiva y hace que te enfrentes a las cosas de otra manera
pedro_047.mp4,17.51,1,el último libro que leí me lo recomendó mi hermana era una novela de una autora colombiana que no conocía de nada y resultó ser de las mejores que he leído en mucho tiempo eso es lo bueno de las recomendaciones de personas que te conocen bien suelen acertar
pedro_048.mp4,19.48,1,bueno creo que ya he hablado bastante por hoy la verdad es que cuando empiezo a hablar de estas cosas me cuesta parar se me ocurren mil cosas que decir espero que haya sido interesante o por lo menos entretenido cada uno tiene sus temas y sus manías no
pedro_049.mp4,20.5,1,si tuviera que quedarme con una idea de todo lo que he contado hoy creo que sería esta vale la pena prestar atención a las cosas pequeñas las mañanas tranquilas un buen desayuno una conversación con un amigo un viaje bien aprovechado eso es lo que luego recuerdas
pedro_050.mp4,19.31,1,no sé a veces nos obsesionamos con los grandes objetivos y nos olvidamos de disfrutar el camino yo intento acordarme de eso aunque no siempre lo consigo pero bueno eso es lo bonito también no que siempre hay algo en lo que mejorar hasta la próxima
